"","dompred","emmean","SE","df","lower.CL","upper.CL","LowerSE","UpperSE","season"
"1","N",1.172073463391,0.183895541871156,42.2994905877534,0.801035065258935,1.54311186152307,0.988177921519848,1.35596900526216,"Mean"
"2","S",1.59337205620291,0.120880301101097,50.2002645404181,1.35060082218319,1.83614329022263,1.47249175510182,1.71425235730401,"Mean"
"3","G",1.33861180896486,0.106199364925547,42.3717659849204,1.12434850958071,1.552875108349,1.23241244403931,1.4448111738904,"Mean"
"4","B",1.54370351758984,0.113868636978278,42.0735819083559,1.31391921062852,1.77348782455116,1.42983488061156,1.65757215456812,"Mean"
